{
  "cranes": [{
    "id":1,
    "name": "Кран 1",
    "cicle": 2,
    "maxSpeed": 30,
    "averageSpeed": 22,
    "TO": 2,
    "error":[{
      "number": 1,
      "date": "2018-12-10",
      "text": "Кран в таком-то состоянии1"
    },
  {
      "number": 2,
      "date": "13-10-2018",
      "text": "Кран в таком-то состоянии"
    },
  {
      "number": 14,
      "date": "13-10-2018",
      "text": "Кран в таком-то состоянии"
    },{
      "number": 123,
      "date": "01-10-2018",
      "text": "Кран в таком-то состоянии"
    }]

  },
  {
    "id":2,
    "name": "Кран 2",
    "cicle": 1,
    "maxSpeed": 29,
    "averageSpeed": 22,
    "TO": 2,
    "error":[{
      "number": 1,
      "date": "12-10-2018",
      "text": "Кран в таком-то состоянии"
    }]

  },
  {
    "id":3,
    "name": "Кран 3",
    "cicle": 2,
    "maxSpeed": 30,
    "averageSpeed": 22,
    "TO": 2,
    "error":[{
      "number": 1,
      "date": "12-10-2018",
      "text": "Кран в таком-то состоянии"
    }]

  },
  {
    "id":4,
    "name": "Кран 4",
    "cicle": 2,
    "maxSpeed": 30,
    "averageSpeed": 22,
    "TO": 2,
    "error":[{
      "number": 1,
      "date": "12-10-2018",
      "text": "Кран в таком-то состоянии"
    }]

  },
  {"id":5,
    "name": "Кран 5",
    "cicle": 2,
    "maxSpeed": 30,
    "averageSpeed": 22,
    "TO": 2,
    "error":[{
      "number": 1,
      "date": "12-10-2018",
      "text": "Кран в таком-то состоянии"
    }]

  }
  ,
  {
    "id":6,
    "name": "Кран 6",
    "cicle": 2,
    "maxSpeed": 30,
    "averageSpeed": 22,
    "TO": 2,
    "error":[{
      "number": 1,
      "date": "12-10-2018",
      "text": "Кран в таком-то состоянии"
    }]

  },
  {
    "id":7,
    "name": "Кран 7",
    "cicle": 2,
    "maxSpeed": 30,
    "averageSpeed": 22,
    "TO": 2,
    "error":[{
      "number": 1,
      "date": "12-10-2018",
      "text": "Кран в таком-то состоянии"
    }]

  },
  {
    "id":8,
    "name": "Кран 8",
    "cicle": 2,
    "maxSpeed": 30,
    "averageSpeed": 22,
    "TO": 2,
    "error":[{
      "number": 1,
      "date": "12-10-2018",
      "text": "Кран в таком-то состоянии"
    }]

  },
  {
    "id":9,
    "name": "Кран 9",
    "cicle": 2,
    "maxSpeed": 30,
    "averageSpeed": 22,
    "TO": 2,
    "error":[{
      "number": 1,
      "date": "12-10-2018",
      "text": "Кран в таком-то состоянии"
    }]

  },
  {
    "id":10,
    "name": "Кран 10",
    "cicle": 2,
    "maxSpeed": 30,
    "averageSpeed": 22,
    "TO": 2,
    "error":[{
      "number": 1,
      "date": "12-10-2018",
      "text": "Кран в таком-то состоянии"
    }]

  },
  {
    "id":11,
    "name": "Кран 11",
    "cicle": 2,
    "maxSpeed": 30,
    "averageSpeed": 22,
    "TO": 2,
    "error":[{
      "number": 1,
      "date": "12-10-2018",
      "text": "Кран в таком-то состоянии"
    }]

  },
  {
    "id":12,
    "name": "Кран 12",
    "cicle": 2,
    "maxSpeed": 30,
    "averageSpeed": 22,
    "TO": 2,
    "error":[{
      "number": 1,
      "date": "12-10-2018",
      "text": "Кран в таком-то состоянии"
    }]

  },
  {
    "id":13,
    "name": "Кран 13",
    "cicle": 2,
    "maxSpeed": 30,
    "averageSpeed": 22,
    "TO": 2,
    "error":[{
      "number": 1,
      "date": "12-10-2018",
      "text": "Кран в таком-то состоянии"
    }]

  },
  {
    "id":14,
    "name": "Кран 14",
    "cicle": 2,
    "maxSpeed": 30,
    "averageSpeed": 22,
    "TO": 2,
    "error":[{
      "number": 1,
      "date": "12-10-2018",
      "text": "Кран в таком-то состоянии"
    }]

  },
  {
    "id":15,
    "name": "Кран 15",
    "cicle": 2,
    "maxSpeed": 30,
    "averageSpeed": 22,
    "TO": 2,
    "error":[{
      "number": 1,
      "date": "12-10-2018",
      "text": "Кран в таком-то состоянии"
    }]

  },
  {
    "id":16,
    "name": "Кран 16",
    "cicle": 2,
    "maxSpeed": 30,
    "averageSpeed": 22,
    "TO": 2,
    "error":[{
      "number": 1,
      "date": "12-10-2018",
      "text": "Кран в таком-то состоянии"
    }]

  },
  {
    "id":17,
    "name": "Кран 17",
    "cicle": 2,
    "maxSpeed": 30,
    "averageSpeed": 22,
    "TO": 2,
    "error":[{
      "number": 1,
      "date": "12-10-2018",
      "text": "Кран в таком-то состоянии"
    }]

  },
  {
    "id":18,
    "name": "Кран 18",
    "cicle": 2,
    "maxSpeed": 30,
    "averageSpeed": 22,
    "TO": 2,
    "error":[{
      "number": 1,
      "date": "12-10-2018",
      "text": "Кран в таком-то состоянии"
    }]

  }
  ,
  {
    "id":19,
    "name": "Кран 19",
    "cicle": 2,
    "maxSpeed": 30,
    "averageSpeed": 22,
    "TO": 2,
    "error":[{
      "number": 1,
      "date": "12-10-2018",
      "text": "Кран в таком-то состоянии"
    }]

  },
  {
    "id":20,
    "name": "Кран 20",
    "cicle": 2,
    "maxSpeed": 30,
    "averageSpeed": 22,
    "TO": 2,
    "error":[{
      "number": 1,
      "date": "12-10-2018",
      "text": "Кран в таком-то состоянии"
    }]

  },
  {
    "id":21,
    "name": "Кран 21",
    "cicle": 2,
    "maxSpeed": 30,
    "averageSpeed": 22,
    "TO": 2,
    "error":[{
      "number": 1,
      "date": "12-10-2018",
      "text": "Кран в таком-то состоянии"
    }]

  },
  {
    "id":22,
    "name": "Кран 22",
    "cicle": 2,
    "maxSpeed": 30,
    "averageSpeed": 22,
    "TO": 2,
    "error":[{
      "number": 1,
      "date": "12-10-2018",
      "text": "Кран в таком-то состоянии"
    }]

  },
  {
    "id":23,
    "name": "Кран 23",
    "cicle": 2,
    "maxSpeed": 30,
    "averageSpeed": 22,
    "TO": 2,
    "error":[{
      "number": 1,
      "date": "12-10-2018",
      "text": "Кран в таком-то состоянии"
    }]

  },
  {
    "id":24,
    "name": "Кран 24",
    "cicle": 2,
    "maxSpeed": 30,
    "averageSpeed": 22,
    "TO": 2,
    "error":[{
      "number": 3,
      "date": "12-10-2018",
      "text": "Кран в таком-то состоянии"
    }]

  },
  {
    "id":25,
    "name": "Кран 25",
    "cicle": 2,
    "maxSpeed": 30,
    "averageSpeed": 22,
    "TO": 2,
    "error":[{
      "number": 1,
      "date": "12-10-2018",
      "text": "Кран в таком-то состоянии"
    }]

  },
  {
    "id":26,
    "name": "Кран 26",
    "cicle": 2,
    "maxSpeed": 30,
    "averageSpeed": 22,
    "TO": 2,
    "error":[{
      "number": 1,
      "date": "12-10-2018",
      "text": "Кран в таком-то состоянии"
    }]

  }
 ]
}