﻿[
	{
		"companyName": "MITSUBISHI ELECTRIC CORPORATION",
		"companyURL": "http://www.mitsubishielectric.com",
		"productName": "GX Works3",
		"productVersion": "1.053F",
		"creationDateTime": "2019-04-26T10:36:11+03:00",
		"name": "TRMZ_Crane_test",
		"modificationDateTime": "2019-04-25T16:39:05+03:00",
		"x": "1",
		"y": "1",
		"x2": "1",
		"y3": "1",
		"x4": "1",
		"y5": "1",
		"ns1:dataTypes": "",
		"ns1:pous": "",
		"name6": "",
		"name7": "Common",
		"name8": "RFID_Authorization_Enable",
		"address": "D10000.0",
		"ns1:BOOL": "",
		"name9": "http://www.mitsubishielectric.com/xml/variableComments",
		"handleUnknown": "implementation",
		"number": "",
		"number10": "1",
		"descr": "RFID- метка Разрешено",
		"ns2:space": "preserve",
		"name11": "http://www.mitsubishielectric.com/xml/varListProperties",
		"handleUnknown12": "implementation",
		"modificationDateTime13": "2019-04-25T16:06:40+03:00",
		"name14": "http://www.mitsubishielectric.com/xml/projectPlcType",
		"handleUnknown15": "implementation",
		"name16": "R04"
	},
	{
		"companyName": "MITSUBISHI ELECTRIC CORPORATION",
		"companyURL": "http://www.mitsubishielectric.com",
		"productName": "GX Works3",
		"productVersion": "1.053F",
		"creationDateTime": "2019-04-26T10:36:11+03:00",
		"name": "TRMZ_Crane_test",
		"modificationDateTime": "2019-04-25T16:39:05+03:00",
		"x": "1",
		"y": "1",
		"x2": "1",
		"y3": "1",
		"x4": "1",
		"y5": "1",
		"ns1:dataTypes": "",
		"ns1:pous": "",
		"name6": "",
		"name7": "Common",
		"name8": "RFID_Authorization_Requst",
		"address": "D10000.1",
		"ns1:BOOL": "",
		"name9": "http://www.mitsubishielectric.com/xml/variableComments",
		"handleUnknown": "implementation",
		"number": "",
		"number10": "1",
		"descr": "Запрос авторизации",
		"ns2:space": " на радио пульте начинает мигать лампочка",
		"name11": "preserve",
		"handleUnknown12": "http://www.mitsubishielectric.com/xml/varListProperties",
		"modificationDateTime13": "implementation",
		"name14": "2019-04-25T16:06:40+03:00",
		"handleUnknown15": "http://www.mitsubishielectric.com/xml/projectPlcType",
		"name16": "implementation"
	},
	{
		"companyName": "MITSUBISHI ELECTRIC CORPORATION",
		"companyURL": "http://www.mitsubishielectric.com",
		"productName": "GX Works3",
		"productVersion": "1.053F",
		"creationDateTime": "2019-04-26T10:36:11+03:00",
		"name": "TRMZ_Crane_test",
		"modificationDateTime": "2019-04-25T16:39:05+03:00",
		"x": "1",
		"y": "1",
		"x2": "1",
		"y3": "1",
		"x4": "1",
		"y5": "1",
		"ns1:dataTypes": "",
		"ns1:pous": "",
		"name6": "",
		"name7": "Common",
		"name8": "LifeBitSend",
		"address": "D10000.2",
		"ns1:BOOL": "",
		"name9": "http://www.mitsubishielectric.com/xml/variableComments",
		"handleUnknown": "implementation",
		"number": "",
		"number10": "1",
		"descr": "Проверка связи",
		"ns2:space": " отправили.",
		"name11": "preserve",
		"handleUnknown12": "http://www.mitsubishielectric.com/xml/varListProperties",
		"modificationDateTime13": "implementation",
		"name14": "2019-04-25T16:06:40+03:00",
		"handleUnknown15": "http://www.mitsubishielectric.com/xml/projectPlcType",
		"name16": "implementation"
	},
	{
		"companyName": "MITSUBISHI ELECTRIC CORPORATION",
		"companyURL": "http://www.mitsubishielectric.com",
		"productName": "GX Works3",
		"productVersion": "1.053F",
		"creationDateTime": "2019-04-26T10:36:11+03:00",
		"name": "TRMZ_Crane_test",
		"modificationDateTime": "2019-04-25T16:39:05+03:00",
		"x": "1",
		"y": "1",
		"x2": "1",
		"y3": "1",
		"x4": "1",
		"y5": "1",
		"ns1:dataTypes": "",
		"ns1:pous": "",
		"name6": "",
		"name7": "Common",
		"name8": "LifeBitResiv",
		"address": "D10000.3",
		"ns1:BOOL": "",
		"name9": "http://www.mitsubishielectric.com/xml/variableComments",
		"handleUnknown": "implementation",
		"number": "",
		"number10": "1",
		"descr": "Проверка связи",
		"ns2:space": " получили.",
		"name11": "preserve",
		"handleUnknown12": "http://www.mitsubishielectric.com/xml/varListProperties",
		"modificationDateTime13": "implementation",
		"name14": "2019-04-25T16:06:40+03:00",
		"handleUnknown15": "http://www.mitsubishielectric.com/xml/projectPlcType",
		"name16": "implementation"
	},
	{
		"companyName": "MITSUBISHI ELECTRIC CORPORATION",
		"companyURL": "http://www.mitsubishielectric.com",
		"productName": "GX Works3",
		"productVersion": "1.053F",
		"creationDateTime": "2019-04-26T10:36:11+03:00",
		"name": "TRMZ_Crane_test",
		"modificationDateTime": "2019-04-25T16:39:05+03:00",
		"x": "1",
		"y": "1",
		"x2": "1",
		"y3": "1",
		"x4": "1",
		"y5": "1",
		"ns1:dataTypes": "",
		"ns1:pous": "",
		"name6": "",
		"name7": "Common",
		"name8": "TandemSelectedLocal",
		"address": "D10000.4",
		"ns1:BOOL": "",
		"name9": "http://www.mitsubishielectric.com/xml/variableComments",
		"handleUnknown": "implementation",
		"number": "",
		"number10": "1",
		"descr": "Выбран режим Тандем подвесной пульт",
		"ns2:space": "preserve",
		"name11": "http://www.mitsubishielectric.com/xml/varListProperties",
		"handleUnknown12": "implementation",
		"modificationDateTime13": "2019-04-25T16:06:40+03:00",
		"name14": "http://www.mitsubishielectric.com/xml/projectPlcType",
		"handleUnknown15": "implementation",
		"name16": "R04"
	},
	{
		"companyName": "MITSUBISHI ELECTRIC CORPORATION",
		"companyURL": "http://www.mitsubishielectric.com",
		"productName": "GX Works3",
		"productVersion": "1.053F",
		"creationDateTime": "2019-04-26T10:36:11+03:00",
		"name": "TRMZ_Crane_test",
		"modificationDateTime": "2019-04-25T16:39:05+03:00",
		"x": "1",
		"y": "1",
		"x2": "1",
		"y3": "1",
		"x4": "1",
		"y5": "1",
		"ns1:dataTypes": "",
		"ns1:pous": "",
		"name6": "",
		"name7": "Common",
		"name8": "TandemSelectedRadio",
		"address": "D10000.5",
		"ns1:BOOL": "",
		"name9": "http://www.mitsubishielectric.com/xml/variableComments",
		"handleUnknown": "implementation",
		"number": "",
		"number10": "1",
		"descr": "Выбран режим Тандем радио пульт",
		"ns2:space": "preserve",
		"name11": "http://www.mitsubishielectric.com/xml/varListProperties",
		"handleUnknown12": "implementation",
		"modificationDateTime13": "2019-04-25T16:06:40+03:00",
		"name14": "http://www.mitsubishielectric.com/xml/projectPlcType",
		"handleUnknown15": "implementation",
		"name16": "R04"
	},
	{
		"companyName": "MITSUBISHI ELECTRIC CORPORATION",
		"companyURL": "http://www.mitsubishielectric.com",
		"productName": "GX Works3",
		"productVersion": "1.053F",
		"creationDateTime": "2019-04-26T10:36:11+03:00",
		"name": "TRMZ_Crane_test",
		"modificationDateTime": "2019-04-25T16:39:05+03:00",
		"x": "1",
		"y": "1",
		"x2": "1",
		"y3": "1",
		"x4": "1",
		"y5": "1",
		"ns1:dataTypes": "",
		"ns1:pous": "",
		"name6": "",
		"name7": "Common",
		"name8": "ServiceMODE",
		"address": "D10000.6",
		"ns1:BOOL": "",
		"name9": "http://www.mitsubishielectric.com/xml/variableComments",
		"handleUnknown": "implementation",
		"number": "",
		"number10": "1",
		"descr": "Активирован сервисный режим/без авторизации",
		"ns2:space": "preserve",
		"name11": "http://www.mitsubishielectric.com/xml/varListProperties",
		"handleUnknown12": "implementation",
		"modificationDateTime13": "2019-04-25T16:06:40+03:00",
		"name14": "http://www.mitsubishielectric.com/xml/projectPlcType",
		"handleUnknown15": "implementation",
		"name16": "R04"
	}
]